place_id,name,lat,lon,category,rating
50fe16e8e4b0ff3fda46a517,gadde chowk@lingayas,28.395204614484026,77.39613014415765,Bar,
4f3bf3c9e4b05966f62f699c,Jagpal Store,28.40950928809894,77.40364128354753,Fast Food Restaurant,
69ba8a0f00f6991e327451c3,Blue Tokai Coffee Roasters | Bhutani City Center 150,28.430444,77.479861,Coffee Shop,
523dbfda11d25f1126cc9307,Dosa Plaza,28.433391684770385,77.5057049417541,Indian Restaurant,
5054c027e4b0c6835f8dda9b,Pehlwan Hotel,28.43821907043457,77.53546142578125,Diner,
6a49af873107bc017e35f005,Zoomeno'd Pizza Kasna,28.4377532,77.5382901,Food and Beverage Retail,
69c0d433b5277d10b8438d27,KFC,28.442555,77.483527,Restaurant,
4c6d4cf51585ef3b54520a9e,Café Coffee Day,28.446840535851628,77.48246749122164,Coffee Shop,
525d1310498ea4c682bd2571,"Bikanervala, NRI City Centre",28.44580446073541,77.49738839293772,Indian Restaurant,
4ffa0eb5e4b042cc2b95a0b6,AWHO Mother Dairy,28.4440209416114,77.50704337347655,Convenience Store,
663a114ac9dc473319dce58a,Starbucks,28.4423894,77.5023977,Coffee Shop,
4ffe65b5e4b05418cb326e36,AWHO Amul Shop,28.44890653648067,77.51095217622999,Food and Beverage Retail,
4ee1f20f61aff90fe40cef80,Bimtech Boys Hostel(RCI) Mess,28.4493216,77.4814162,Indian Restaurant,
4ee7155d4690f88942f31c2c,BIMTECH boys hostel(RCI) Tuck Shop,28.4493318,77.4814797,Coffee Shop,
66051a64ffcf2764ec70a751,Costa Coffee,28.452964,77.525886,Coffee Shop,
59e7657d065ef57a2143efe1,Barista,28.45364,77.52565,Coffee Shop,
4f71df12e4b0ebf90a332598,Satin,28.449676378985167,77.52761068496078,Chinese Restaurant,
4f707afce4b08d8da8846356,Scarlet Bar,28.44973917368439,77.52759948678174,Hotel Bar,
55178455498e19f8bff0059b,Cross Avenue,28.449961576509654,77.52768907218314,Multicuisine Indian Restaurant,
6a2a2842eb42d4468e303c18,Biryani Blues,28.456011,77.529679,Restaurant,
4ee1bf6f0e61689f534ad586,BIMTECH Mess,28.457830803341448,77.49510333609057,Indian Restaurant,
56b5c8b5498e266bd1b34064,Food & Beverages Plaza,28.46274279406123,77.50060867731067,Snack Place,
5b949939345cbe002c0aaece,seorak korean restaurant,28.457258,77.50584,Korean Restaurant,
567bf895498e414f83eecbe2,CRÈME CASTLE,28.464084157073053,77.50750258074302,Café,
4ef851496da1f7b661b42b14,Ali Baba Greater Noida,28.45720408123286,77.51660794302337,Hookah Bar,
52515e54498e756abe4a93cc,BIKANERVALA,28.46351475933734,77.5108569777544,Indian Restaurant,
524c06d011d2b4a7ffc3d96a,MIO SUSHI,28.463791642298915,77.51136656866846,Japanese Restaurant,
5262ade211d235fae3def846,ram rath dosa point,28.457536697387695,77.51383209228516,Indian Restaurant,
545dc009498ed0dddfbd13e4,surgeet fast food,28.45196621455145,77.5154208152413,North Indian Restaurant,
51c2b559498e1ce9ab5f02a9,Domino's Pizza,28.459,77.528,Pizzeria,
57c6ec26498ea0b1bf1bd779,Haldiram's,28.458178,77.52787,Indian Sweet Shop,
50937e81e4b07ba8c52b9a10,boomerang - the club house,28.464026544658232,77.52077959114796,Diner,
4f53a3a7e4b07e4c63f611b0,vango,28.462131537762772,77.53799652142615,Indian Restaurant,
4c6d50481585ef3b75660a9e,Café Coffee Day,28.471256628967602,77.48262405395508,Coffee Shop,
4db914060cb6ddfae42da556,McDonald's,28.464640866978108,77.50811929917865,Fast Food Restaurant,
4f4122cbe4b0e5bc13139d91,chaska,28.46446255034674,77.50777698420298,Bar,
4de0ae66d4c040523eaadf56,KFC,28.464721727433044,77.5081342677125,Fried Chicken Joint,
4fad26cce4b032398276ede6,famous paratha corner,28.46970007133468,77.49997022814749,Fast Food Restaurant,
4feb3f81e4b0a4b22abf4f3f,shahi adda sec 17,28.470514869425955,77.50823402999939,Juice Bar,
4ee7724477c8e8931aeab076,LA BREZZA ITALIANA CUCINA With ENOTECA BAR,28.469956142878452,77.51697751801643,Italian Restaurant,
4e4a903614951b66ae8fbb95,Paatra Indian Restaurant,28.470117263403782,77.51700551607311,Indian Restaurant,
4e05fd44fa767637fd2163ba,Eggspectation,28.470198308549598,77.51723485639623,Café,
517be9eee4b0192de36ec533,Royal Ballroom,28.47040242575012,77.5172742970674,Bar,
5096814ee4b0a7ac71d02343,Fill Up,28.468363434953964,77.53598661415069,Fast Food Restaurant,
51a746f4498ee0057bb6568d,Accher Momo Point,28.465007258471392,77.53766060624885,Fast Food Restaurant,
4e6067bba80951b3179d3d43,Department Of Flavours,28.471773857153575,77.47985165214384,Fast Food Restaurant,
6a4bfc993107bc017e4e1f00,Nova Night Cafe,28.47980961,77.49096713,Food and Beverage Retail,
4ee1be47e5fa204a545fd4dc,Xtreme Gaming,28.47889861378433,77.50061427772613,Arcade,
6a49b4c83107bc017e38be7a,Uncle's Patty,28.47068063,77.51036533,Food and Beverage Retail,
4f5b7cd9e4b0090c09932a1e,Sri Kesar,28.476378399221243,77.51038098418447,Diner,
57dea4ed498e73334decaa96,Subway,28.473095,77.51452,Sandwich Spot,
4c6a4b47897b1b8df16db117,Domino's Pizza,28.473136469393694,77.51586505630404,Pizzeria,
4e342b8a62845cff5a47009f,Yu Turn Restaurant,28.474454741608763,77.51789585068859,Asian Restaurant,
56ea707f498edf22d239561a,Laser Wars Lounge,28.469558990013667,77.51935958862305,American Restaurant,
509b44cae4b04bb293d6bd46,Cafe Resto,28.467289,77.520145,Restaurant,
4ead70c32c5bb67b239d5ff4,Grand Heritage Resort,28.476525852435838,77.52359046789607,Diner,
4e8b19edf790b823d4fa1330,The Cook's Cafe,28.464296952210642,77.52134513168586,Indian Restaurant,
ee26b38459c84abb630b6792,Big Bite,28.464087,77.530271,Indian Restaurant,
4ea2f2e27ee52a35dd1bf086,Room No 1014 Greater Noida,28.476018,77.552401,Wine Bar,
559ebd94498eba17e2ff1b2c,Domino's Pizza,28.482,77.499,Pizzeria,
4e75bd7a2271ffa4e7111832,Sparkles,28.481555053873507,77.4981164932251,Bar,
4cfb7a37ee9cb60cb97e90ad,Jimmy'z,28.481545623540786,77.49871730804443,Indian Restaurant,
5351211b498e47e6977d5ad2,Momo point.,28.48248006042296,77.51703046827795,Chinese Restaurant,
6811e4e4843b2e4f45865d63,Zippy,28.4763702,77.5238798,Restaurant,
6a47fae23107bc017ed94a76,The Tea Shore Cafe,28.49563133,77.40206151,Food and Beverage Retail,
6a4818ed3107bc017edbbd2b,Desi Food Junction,28.49637012,77.40207318,Food and Beverage Retail,
5c0160a133e118002ca8940c,34 Chowringhee Lane,28.496452,77.402011,Indian Restaurant,
686a7dc38198d22e2d04b48c,Sarpanch Bagh,28.49413,77.422874,Indian Restaurant,
64e1dc523dccbe7c00b26922,Athyeka,28.494643,77.436355,South Indian Restaurant,
63f1ae4e8535ad0df42ce6d4,Caffeinated,28.494891,77.436604,Café,
61d6d1e69f7cdc033f5ad96d,Roastery Coffee House,28.49514,77.436554,Coffee Shop,
66bcbb5bd78d120e41b8f205,Coffee Brat & Company,28.495174,77.44021,Coffee Shop,
6773a71faa3d227e7a5df234,The Ninth House,28.495981,77.437402,"Cafe, Coffee, and Tea House",
51e674de498eebe266c7e7be,Café Coffee Day,28.48850440979004,77.49164581298828,Coffee Shop,
4f16a14ae4b0960d03e8a284,Café Coffee Day,28.491151809692383,77.5122299194336,Coffee Shop,
5c28e1082632ec002cbe0545,Taco Bell,28.488682,77.513932,Taco Restaurant,
4ea7a88acc21adeb98fd949f,Marshals Dining Hall,28.4910124,77.5381409,Restaurant,
5c470aaa898bdc002cd50781,Starbucks,28.498922,77.40354,Coffee Shop,
50894412e4b03043b58b3e1b,Café Coffee Day,28.499731454591345,77.40421861211776,Coffee Shop,
50ac5a2c498e9668ba216c14,Café Coffee Day,28.50134,77.401323,Coffee Shop,
593a571d9ec3995c0c27a73e,Sigdi,28.500659,77.394394,Indian Restaurant,
52f93b1711d28345288e5b81,IBM Cafetaria,28.503732681274414,77.40106964111328,Cafeteria,
52088b4c11d2ae42ed62eb34,McDonald's,28.500745533870045,77.40955456095276,Fast Food Restaurant,
62b48290525c2a6269b6d0df,Skyhouse,28.500576,77.409328,Cocktail Bar,
5682af75498e4732a3355aec,Shree Rathnam,28.500644,77.410426,South Indian Restaurant,
651a7fb01f7ca05573792759,House Of Migo,28.500624,77.421973,Restaurant,
6a914d2ec957bb67f1566151,Small Talk,28.495313,77.436798,Coffee Shop,
502d25c3e4b0451509ab27d5,IBM Cafeteria,28.504341867879944,77.39900573503164,Food Court,
60f04178a79c8f5d1a58b13c,baraamda heritage,28.50391671851366,77.41518884895868,Theme Restaurant,
50e5a056e4b08ec8fb756cd3,Cocoleaf,28.501998165966285,77.40019967280129,Indian Restaurant,
509a2097e4b095fae6a86e39,Subway,28.511258250696795,77.40776099221384,Sandwich Spot,
5d6e1a8b8fd46900085a51bb,Moti Mahal,28.500689,77.410024,Indian Restaurant,
5693be58498ec12f1b344017,SHAWARMAS,28.5066990621854,77.40931915664419,Food Truck,
65130adc73466a015bf58bc2,WOW Momo,28.5011191,77.4233557,Dumpling Restaurant,
6a1e0192976a555380c9f48b,Samaun Restaurant,28.506783,77.47611,Indian Restaurant,
6a4c619d3107bc017e5e1e79,BBQ Noida 90,28.51503,77.4151,Food and Beverage Retail,
5c5af897be7078002c9be329,Chao Bella,28.513747,77.468912,Italian Restaurant,
54ca1a6a498eea62b46db22b,Mosaic,28.513877860330467,77.46885551228885,Restaurant,
5787b24ecd10f89591e69d59,Belgian Beer Cafe,28.513754727080546,77.46899843215942,Beer Garden,
40f3fa32cffe4892970a02f4,Connexions,28.514256,77.469112,Restaurant,
5ae82f5b73fe25002c3c40d0,FOOD STORIE,28.52224852238541,77.39646077156067,Comfort Food Restaurant,
4fa7de10e4b0fc2afcc0c81d,Casa del Booze,28.52739675940034,77.39668508831643,Cocktail Bar,
512497ece4b0f396a744752b,Eagle Film Studio,28.5220321089204,77.39017693933613,Public Art,
69c0d271e6d2cc48fd6eb529,KFC,28.52222395,77.41983437,Restaurant,
63ef8182ed2548486e3a169a,Burger King,28.5365128,77.4219126,Fast Food Restaurant,
4dad422c4b2271d46ba2542d,City Kitchen,28.536336,77.40249,Restaurant,
4dc8eca61838e695fbdd487d,The Tanya's Cuisine,28.545317169983015,77.45811043000148,Indian Restaurant,
6a4c6d033107bc017e624765,Mr Roll and Miss Momo,28.55026234,77.55088494,Food and Beverage Retail,
